MinDwella, Fri Jan 29 19:44:51 +0000 2021,-76.28904,36.852139, I'm at The VIP Lounge Barbershop in Norfolk, VA https://t.co/jswPart8OO ,,
mattsmith_news, Fri Jan 29 19:44:51 +0000 2021,-89.569491,44.900818, State election officials: ‚ÄúDespite these superlatives, this report does not conclude that the 2020 General Election‚Ä¶ https://t.co/LAN7kcBwDV ,,
___KeeJ, Fri Jan 29 19:44:51 +0000 2021,-74.985076,39.710994, Ima make some curry salmon tonight with some string beans &amp; rice. ,,,
MbalaKalambay, Fri Jan 29 19:44:51 +0000 2021,-77.163103,39.087055, #RDC: Ils vont se tuer pourquoi les postes. Le fameux bureau d‚Äô√¢ges ne recule pas. @AminataN_ vient de d√©poser sa c‚Ä¶ https://t.co/gT0aL4DN6K ,,,
southboundduke, Fri Jan 29 19:44:51 +0000 2021,-93.809434,32.461107, @chattinmanmark Awww üòçüòçüòç ,,,
ChartaraJ, Fri Jan 29 19:44:51 +0000 2021,-80.926628,33.63114, Ong ‚ÄºÔ∏è‚ÄºÔ∏è ,,,
CHINATHEARTIST, Fri Jan 29 19:44:51 +0000 2021,-95.538134,30.337514, I‚Äôm trying to stop buying puff bars ,,,
inDJnous, Fri Jan 29 19:44:52 +0000 2021,-118.006657,33.852736, @ReblsToTheGrain I think break beats and rhymes needs a new Dijimix ,,,
JoeyTWMF, Fri Jan 29 19:44:52 +0000 2021,-86.136609,40.035742, Ty king we had a good Facebook run before you deleted me on my bday and I cried for hours wondering why lead vocali‚Ä¶ https://t.co/qK4fKzZiDz ,,,
_alexisbatista, Fri Jan 29 19:44:52 +0000 2021,-110.915573,32.189391, I don‚Äôt worry about what all you guys are doing, I worry about myself ,,
caattnip, Fri Jan 29 19:44:52 +0000 2021,-73.831187,40.670879, People‚Äôs perception of you does not really define you. They‚Äôre just stupid. ,,,
Chklte_, Fri Jan 29 19:44:52 +0000 2021,-80.167715,26.062405, @vanro_ @ me ,,,
tiffadelic, Fri Jan 29 19:44:52 +0000 2021,-86.27054,45.00118, @JuneOnMuvas Did you make this ?!?! I need to know how it was done at the end because the whole background different lol ,,,
thereal_lyrik, Fri Jan 29 19:44:52 +0000 2021,-87.732013,41.833585, It was all love with the @undergroundhittas squadüòÜüö¶‚ô•Ô∏èüñ§.#Lyrik #Ventilations #AlbumOfTheYear #RealShitTho‚Ä¶ https://t.co/w04v53Lqdz ,,,
FearOfPieces, Fri Jan 29 19:44:52 +0000 2021,-75.117998,40.004866, He's just nervous son it's not that serious ,,,
tmj_msp_labor, Fri Jan 29 19:44:52 +0000 2021,-93.566345,44.903296," Career tip for landing jobs like ""Stockers"" in #Excelsior", MN. Go on informational interviews. The best way to get‚Ä¶ https://t.co/rJxHyDHfEu ,,
NedaNews8, Fri Jan 29 19:44:52 +0000 2021,-117.104989,32.810012, Yes!!!! Go ahead, nominate your favorite San Diego breweries so they can get in to this delicious competition! I‚Äôm‚Ä¶ https://t.co/Dchzvu0tXU ,,
KellyMooreJobs, Fri Jan 29 19:44:52 +0000 2021,-122.81638,38.547133, See our latest #Windsor, CA job and click to apply: Assistant Store Manager - https://t.co/SVCzE2TVxw #Retail ,,
JoydeJoe, Fri Jan 29 19:44:52 +0000 2021,-76.355918,36.841764, mcdonald‚Äôs sprite taste like a good edge up. ,,,
TallPaulsLife, Fri Jan 29 19:44:53 +0000 2021,-122.818486,49.111519, Just when I... ,,,
DJSteezyD, Fri Jan 29 19:44:53 +0000 2021,-100.076888,31.168893, LMAOOO ,,,
AndrettiBX, Fri Jan 29 19:44:53 +0000 2021,-96.991828,33.042437, @Montegaa__ Lmao üôÑ ,,,
amberbailey97, Fri Jan 29 19:44:53 +0000 2021,-98.540651,29.417501, @berlin_clemens Finally: these groups/Wall Street play with the stock market all the time so the hypocrisy of them‚Ä¶ https://t.co/DrrduBfbRa ,,,
jayehmsee, Fri Jan 29 19:44:53 +0000 2021,-77.017853,39.008349, @IAmPoliticsGirl Have you read 'Edge of Chaos' by Dambisa Moyo? She highlights the need for democratic reforms in t‚Ä¶ https://t.co/mOYs6ZJ0rI ,,,
tmj_njc_eng, Fri Jan 29 19:44:53 +0000 2021,-74.667223,40.357298, At Thermo Fisher Scientific, our people share a common set of values - Integrity, Intensity, Innovation &amp; Involveme‚Ä¶ https://t.co/JiMHug7Lfi 
Seriouslynatura, Fri Jan 29 19:44:53 +0000 2021,-104.9836,39.7391, Just posted a photo @ Denver, Colorado https://t.co/B2Uc5jjhJS ,,
flying_steve, Fri Jan 29 19:44:53 +0000 2021,-79.674847,44.371263, Air Canada to Suspend Flights to the Caribbean and Mexico at the request of, and to Support Government of Canada CO‚Ä¶ https://t.co/I5D0Osfxic ,,
_Gabrielacast, Fri Jan 29 19:44:53 +0000 2021,-103.4343,25.5424, HBD ü•≥ Thanks for be my best friend. love you very much!ü§çü§ç @almadlriva en Torreon, Mexico https://t.co/ttlFlJgkTe ,,
the_original_HB, Fri Jan 29 19:44:53 +0000 2021,-115.038337,36.006256, Them- if you have the 2A then you can stop a tyrannical govt. Reality - if the government wanted to destroy us al‚Ä¶ https://t.co/0q6yWWwZLC ,,,
tmj_CAE_schn, Fri Jan 29 19:44:53 +0000 2021,-81.236211,33.981537, This job is now open at Kelly Services in Lexington, SC. Follow us and turn on mobile alerts to hear about jobs lik‚Ä¶ https://t.co/YRy8hXQolg ,,
giantsteph, Fri Jan 29 19:44:53 +0000 2021,-118.035289,34.070871, I‚Äôm dying üòÇ ,,,
shelby_neilson, Fri Jan 29 19:44:54 +0000 2021,-111.737566,33.405755, @SilentPIanet I play so much better on console though üò© ,,,
tmj_FL_transp, Fri Jan 29 19:44:54 +0000 2021,-82.324826,29.651634, See our latest #Gainesville, FL job and click to apply: Courier (DOT)/Part Time/Monday through Friday/3:30PM to 7:4‚Ä¶ https://t.co/YyDmrlJhXR ,,
brehall_, Fri Jan 29 19:44:54 +0000 2021,-95.446486,29.838495, @Mr2Hottie That‚Äôs where all of the real Trump supporters reside. ,,,
JtheShep, Fri Jan 29 19:44:54 +0000 2021,-97.135638,32.70185, Cute lil doodle done by @Gedebuks! https://t.co/XF0GD69fhM ,,,
plateau_astro, Fri Jan 29 19:44:54 +0000 2021,-73.723025,45.55783, To enable...‚Ä¢ Go to System Preferences &gt; Accessibility‚Ä¢ Click ‚ÄòZoom‚Äô in sidebar‚Ä¢ Check ‚ÄòEnable Hover Text‚ÄôIn‚Ä¶ https://t.co/WDa0QDhp8F ,,,
tmj_pit_transp, Fri Jan 29 19:44:54 +0000 2021,-80.228411,40.212285, If you're looking for work in #Washington, PA, check out this job: https://t.co/Y7yoTqp8SH #Transportation ,
AcidRein, Fri Jan 29 19:44:54 +0000 2021,-74.658373,40.8505, @mtgreenee @CoriBush You‚Äôre human garbage. A disgrace to the Congress and the U.S. ,,,
lyssasowavey, Fri Jan 29 19:44:54 +0000 2021,-78.895441,35.990983, i finally got me some @gsuwoo y‚Äôall ion know how to act üòÇ need to find me some shoes to wear with it ,,,
md_no, Fri Jan 29 19:44:54 +0000 2021,-83.601802,42.245713, @epiktistes Like the man said: ‚Äúfriendly rotund animals‚Äù ,,,
sassycoog, Fri Jan 29 19:44:54 +0000 2021,-100.076888,31.168893, https://t.co/Jm1EydcSUg ,,,
sofiaangeliquee, Fri Jan 29 19:44:54 +0000 2021,-81.705467,41.49594, tyler and brent fucking snapped on gravity ,,,
leeannamariesue, Fri Jan 29 19:44:55 +0000 2021,-115.234435,36.018805, just putting this out there all i want for my bday in the next couple months is to see my fwends and play board games and maybe drink boba ,,,
bombazzling, Fri Jan 29 19:44:55 +0000 2021,-98.422527,34.62096, @SDEATGREEDY noüòòüíÄüíÄüíÄüíÄüíÄ ,,,
iAM_RodWill, Fri Jan 29 19:44:55 +0000 2021,-93.809434,32.461107, @jazmynenicoleee You know I'm bout all that dumb shit ,,,
_sydneth, Fri Jan 29 19:44:55 +0000 2021,-122.192819,47.813016, @koriyona @overcastaz @brissdali ü§≠ ,,,
Clarenc73412602, Fri Jan 29 19:44:55 +0000 2021,-83.099288,42.352787, I can tell da Pussy grippin dat Dick ,,,
CosmicKern, Fri Jan 29 19:44:55 +0000 2021,-97.754724,30.323346, I woke up with a pimple in my nose...I didn‚Äôt even know that was possible. ,,,
Pumpi91, Fri Jan 29 19:44:55 +0000 2021,-87.732013,41.833585, @MickTrufolesky @AllenRobinson What did he tweet ,,,
fizzelwhizzel, Fri Jan 29 19:44:55 +0000 2021,-72.667811,41.549405, Hey everyone thank you for the follow up I‚Äôm still kinda out of it ,,,
PeterHokie, Fri Jan 29 19:44:55 +0000 2021,-76.069946,36.802541, I‚Äôm pretty sure if we ignored these crazy ass right-wing whack jobs they‚Äôd go away. ,,,
ChaseYourDreemz, Fri Jan 29 19:44:55 +0000 2021,-77.604684,41.117936, Chris Cuomo for the people ,,,
SamandDeanfan_1, Fri Jan 29 19:44:55 +0000 2021,-77.604684,41.117936, Companies like the CW have the right to use their own property in any way they please. It belongs to them. As consu‚Ä¶ https://t.co/fBwXGBfnRI ,,,
thingscatloves, Fri Jan 29 19:44:55 +0000 2021,-100.076888,31.168893, @rosasreviews @capwell6 @LatinxLens @chrisbournea ü•∫üò¢ oh my goodness. ,,,
ChadeDominique, Fri Jan 29 19:44:55 +0000 2021,-73.412157,40.702793, I was just playing around but this is truly disrespectful üòÇ https://t.co/Tb9WP1etb7 ,,,
aguiarmaria7, Fri Jan 29 19:44:55 +0000 2021,-81.219179,29.525946, @JoeBiden @KamalaHarris https://t.co/8ofErkUjxh ,,,
almighty_red, Fri Jan 29 19:44:56 +0000 2021,-73.948775,40.655138, happening right now. ,,,
lellowalicia, Fri Jan 29 19:44:56 +0000 2021,-82.442694,27.996595, @EveDinero Teenage Love Affair ,,,
wholelex, Fri Jan 29 19:44:56 +0000 2021,-86.680738,32.576227, yesterday baylon told me to buy into doge and i didn‚Äôt and now i feel dumb ,,,
mandllee, Fri Jan 29 19:44:57 +0000 2021,-100.076888,31.168893, @Jim_Jordan Guess what Bobo, you will soon find your pedophile self out the door. You are a fricken disgrace. ,,
TeachersCrypto, Fri Jan 29 19:44:57 +0000 2021,-122.362414,37.948843, $VET ,,,
WiseGuy59423437, Fri Jan 29 19:44:57 +0000 2021,-75.050086,39.960243, @thiicksnoww Just like that!üòãüòõüòú ,,,
bostonaustin, Fri Jan 29 19:44:57 +0000 2021,-96.7349,33.061243, @BidenTroII That‚Äôs something an old person would say ,,,
chubby_cucumber, Fri Jan 29 19:44:57 +0000 2021,-117.022695,38.502147, @FBILasVegas I know that fucker Nate. I was literally about to call to tip you guys off that he was in there but you guys came in clutch ,,,
PaulDaytona22, Fri Jan 29 19:44:57 +0000 2021,-81.068556,29.190223, Jesus said," ""I open the door to rest."" ",,
whosthatladytlc, Fri Jan 29 19:44:57 +0000 2021,-90.454076,38.715947, @thelegendkil who is that repping NTZone??? https://t.co/hXdzspHXYN ,,,
Brendan_Walls, Fri Jan 29 19:44:57 +0000 2021,-92.486822,31.293275, In spite of recent events, I‚Äôm still reminded that what the U.S. and the world promises you and I is nothing compar‚Ä¶ https://t.co/r4eQPUn6fN ,,
jalberg8, Fri Jan 29 19:44:57 +0000 2021,-76.069946,36.802541, @sasha_stana @TeamSasha @rorolyn @vbbneighbor @Taina47 @lori_mehl1 @ValerieMckenna @dinajanexo @SamanthaLBusa‚Ä¶ https://t.co/X3AZFnwWYk ,,,
maydahp, Fri Jan 29 19:44:57 +0000 2021,-80.306964,25.667719, in need of a smooch on my cooch ,,,
boxing_we, Fri Jan 29 19:44:57 +0000 2021,-86.142922,39.779562, Naz could wack. And he could hit you from odd angles and take you out. Ask Kevin Kelley about his power. The two tr‚Ä¶ https://t.co/Ui6O9lGGQ3 ,,,
team_lay1, Fri Jan 29 19:44:57 +0000 2021,-87.903243,41.804401, @CoriBush You have no proof of members of Congress inciting anything on Jan. 6th. ,,,
johnbijarney, Fri Jan 29 19:44:58 +0000 2021,-75.770041,42.746617, @SteveSchmidtSES @ProjectLincoln What a pathetic worm he has become. ,,,
desjonae, Fri Jan 29 19:44:58 +0000 2021,-117.104989,32.810012, My dad really be actin like he‚Äôs only got a son, really blows my mind ,,
carolrodriguexx, Fri Jan 29 19:44:58 +0000 2021,-80.227328,26.389733, Como a saudade pode doer tanto v√©i ,,,
joezell2016, Fri Jan 29 19:44:58 +0000 2021,-112.124676,33.552863, I have this twisting gut feeling like something bad is going to happen but I don‚Äôt know what it is yet ,,,
saratogashawty, Fri Jan 29 19:44:58 +0000 2021,-89.876449,32.571032, @lilbaby4PF &amp; @MoneyBaggYo what y‚Äôall waiting on to do a album together ü§∑üèΩ‚Äç‚ôÇÔ∏è ,,,
elimccleave, Fri Jan 29 19:44:58 +0000 2021,-79.86465,36.06437, Just posted a photo @ Rich Girls Museum https://t.co/2wVWHflMzb ,,,
dongulfo, Fri Jan 29 19:44:58 +0000 2021,-80.639541,41.105271, Every salesperson and media company has thrived on innuendo all week. They are not needed. ,,,
yo_imSheba, Fri Jan 29 19:44:58 +0000 2021,-98.540651,29.417501, If you tell me you don‚Äôt drink water I assume your pee smells of coleslaw. ü§∑üèΩ‚Äç‚ôÄÔ∏è ,,,
x3_Leebabyy, Fri Jan 29 19:44:58 +0000 2021,-83.804475,27.698682, Come follow me üòò https://t.co/tj6sjZZKnI ,,,
buckoffpod, Fri Jan 29 19:44:58 +0000 2021,-117.998733,33.692542, Another record month download wise!!Very happy for the support especially this being the first month of the off-s‚Ä¶ https://t.co/37IU0WaIwl ,,,
meg_mcgrath, Fri Jan 29 19:44:58 +0000 2021,-118.411907,34.020789, The hits just keep coming. üôÉ https://t.co/QZZ1AkeByA ,,,
Retha_L1A, Fri Jan 29 19:44:59 +0000 2021,-87.843186,30.629936, Girlfriends/Wives/Bitches üòë ,,,
_PerKINsON, Fri Jan 29 19:44:59 +0000 2021,-97.221364,32.939598, https://t.co/CxnE0jQHzD ,,,
ItzayanaCarrera, Fri Jan 29 19:44:59 +0000 2021,-114.296519,31.992337, Hoy llega la 17ü•≥üèÜ !! ,,,
superwoman428, Fri Jan 29 19:44:59 +0000 2021,-77.604684,41.117936, I üíô this guy!!!!! ,,,
UGANatty, Fri Jan 29 19:44:59 +0000 2021,-83.173867,32.678207, Robinhood is manipulating tf out dogecoin lmao ,,,
CoreyLou_, Fri Jan 29 19:44:59 +0000 2021,-87.732013,41.833585, @WiseGuy719 1 my ass lol ,,,
stepmomdaddy, Fri Jan 29 19:44:59 +0000 2021,-76.620482,39.284713, My unofficial threesome https://t.co/hWVg28azDf ,,,
doswellbeats, Fri Jan 29 19:44:59 +0000 2021,-75.163986,39.951469, Just posted a photo @ Philly https://t.co/c7BLcjsTDL ,,,
2spooky4mi, Fri Jan 29 19:45:00 +0000 2021,-118.018856,33.975918, I still lose followers every time I post on Instagram,., Fuck me? ,
ruthless_soup, Fri Jan 29 19:45:00 +0000 2021,-72.750484,42.046336, All I want is another rabbit. So. Badly. ,,,
fuqinlost, Fri Jan 29 19:45:00 +0000 2021,-88.495803,43.104678, Heard shorty still in love through the grapevine... ü§´ ,,,
xxx_QueenNisha, Fri Jan 29 19:45:00 +0000 2021,-86.142922,39.779562, üòÇüòÇ ,,,
GeeLaFlee, Fri Jan 29 19:45:00 +0000 2021,-74.054179,40.208625, Mentally I‚Äôm here ,,,
purplePandita, Fri Jan 29 19:45:01 +0000 2021,-98.540651,29.417501, I hate when my horoscope is right about me having a rough day ,,,
WalshBryanStL, Fri Jan 29 19:45:01 +0000 2021,-90.454076,38.715947, @adavenportSTL At this rate, 2023 will either be here ‚Äúbefore we know it‚Äù or take absolutely forever to get here. ,,
erikaaleja_, Fri Jan 29 19:45:01 +0000 2021,-104.922093,39.713563, Only reason I came to work today is for the free Qdoba. ,,,
CEEisME, Fri Jan 29 19:45:01 +0000 2021,-83.268544,42.225577," ""With the nipples out?"" ""Yeah."" "" for a 16 yr old??"" ""Yeahü§∑üèΩ‚Äç‚ôÄÔ∏è"" https://t.co/DYKcfFOKCo ",,,
MrsYzar, Fri Jan 29 19:45:01 +0000 2021,-99.316423,39.746117, Human Growth students ‚Äúteaching‚Äù their peers about social/ emotional learning topics through children‚Äôs literature‚Ä¶ https://t.co/LOeXgEcnhE ,,,
mimyregia, Fri Jan 29 19:45:01 +0000 2021,-100.293591,25.641718, @ADRIANTORR3S @Buccaneers De vdd? ,,,
NotTonyDennis, Fri Jan 29 19:45:01 +0000 2021,-83.173867,32.678207, My friend asked her to get her chipotle I said ‚Äúyou just got paid get it yourself‚Äù I guess that‚Äôs just the Blasian cancer in me ü§∑üèΩ‚Äç‚ôÇÔ∏èü§∑üèΩ‚Äç‚ôÇÔ∏è ,,,
Trent_PhD, Fri Jan 29 19:45:01 +0000 2021,-96.761753,32.819858, @RackedNStacked 2020 was purgatory, y‚Äôall come enjoy one of these 9 circles w/us. ,,
heelsbasket, Fri Jan 29 19:45:01 +0000 2021,-78.837021,35.756189, @TheHoopCentral Anthony Davis without a doubt ,,,
chrisinthecut, Fri Jan 29 19:45:01 +0000 2021,-118.214044,33.978926, @PolarTrades Hahaha yeah bro I lost like 80 pounds a couple years ago and I wish! Dan‚Äôs a different type of beast h‚Ä¶ https://t.co/2HBkfl7wop ,,,
Jimbo___Baggins, Fri Jan 29 19:45:01 +0000 2021,-84.606091,39.18332, #DOGE #dogecoin #ElonMusk 16 minutes!! ,,,
Sam_I_Am320, Fri Jan 29 19:45:01 +0000 2021,-76.977119,38.965552, @kingchip what you know bout this ?ü§î  #Flashbyke #WasdefinitelyOnMyMyspace https://t.co/pnGY7EuQf2 ,,,
StxleGram, Fri Jan 29 19:45:01 +0000 2021,-79.919518,43.832313, CJ came thru with another bop https://t.co/gvPgcUq9no ,,,
sachino96, Fri Jan 29 19:45:01 +0000 2021,-74.032258,40.74638, @bryan_rubin @darrenrovell @jsalvatore_6 @BarstoolBigCat @PFTCommenter üêêüêêüêê ,,,
carolynjbraden, Fri Jan 29 19:45:02 +0000 2021,-74.000761,40.720756, 7 Ways to Stay Busy at Home Instead of Watching Netflix  https://t.co/l79yNAXgeH ,,,
carpoolworld, Fri Jan 29 19:45:02 +0000 2021,-84.530922,39.391093, #Carpool #Hamilton -&gt; #Cincinnati rideshare 2 Seats offered #splitcosts https://t.co/WrPXll8F1s ,,,
Riley_is_amazin, Fri Jan 29 19:45:02 +0000 2021,-81.834138,41.313033, @Molly_RoseCLE Facts. But also it was important for her learning that she didn‚Äôt need anyone! Not a man, not her brother, just her ,
SeanDav30840948, Fri Jan 29 19:45:02 +0000 2021,-111.931711,34.168253, @phatboy42873775 I wanna cum on your wife's sexy ass https://t.co/Amo40HMJfK ,,,
Luke44771, Fri Jan 29 19:45:02 +0000 2021,-79.645081,43.41819, @TeminatorTrader Crooks @GameStop ,,,
RobertT36652227, Fri Jan 29 19:45:02 +0000 2021,-157.799589,21.319944, @LateRoundCorner Losing him this year was huge for our offense ,,,
king_jolene, Fri Jan 29 19:45:02 +0000 2021,-119.306608,37.269176, @JaniceDean @MeghanMcCain @NYPostOpinion You killed your parents, nobody cares what you have to say ,,
familyfooddude, Fri Jan 29 19:45:02 +0000 2021,-83.804475,27.698682, https://t.co/sZkTBrcsgE ,,,
InterHaydn, Fri Jan 29 19:45:02 +0000 2021,-79.27257,43.629311, @RidgeOnSunday @SkyNews @trussliz @SophyRidgeSky Shades of Clockwork https://t.co/uKeCJlUfO1 ,,,
conscious_bkr, Fri Jan 29 19:45:02 +0000 2021,-118.163276,34.685827, https://t.co/ZoPBQ0IYl5 ,,,
tmj_SFO_skltrd, Fri Jan 29 19:45:02 +0000 2021,-122.271114,37.804364, Want to work at FedEx Express? We're hiring in #Oakland, CA! Click the link in our bio for details on this job and‚Ä¶ https://t.co/SL5hYbzyNh ,,
jfavreauboudrie, Fri Jan 29 19:45:02 +0000 2021,-83.026989,42.492846, @THEFANBLOGGER @The_PurpleLady @JoyCollinsMusic @BarbSalmon1 @MetermaidRita @bdz132 @scook934 @MelodieNichol‚Ä¶ https://t.co/i95W3suJEp ,,,
AnnaDsays, Fri Jan 29 19:45:02 +0000 2021,-97.754724,30.323346, @supercab936 Magicians keep weird hours üòÇ ,,,
M_S_Krafts, Fri Jan 29 19:45:02 +0000 2021,-82.671634,28.37636, @Jessdumplingart ü¶ã ,,,
sophie_satok, Fri Jan 29 19:45:02 +0000 2021,-122.958344,49.239654, Robin Hood Èñ¢ÈÄ£(Á¨ëÔºâ‰ª•Â§ñ„ÅßË¶ã„Çã„Å®„ÄÅ„ÉÜ„Çπ„É©„ÅÆ‰∏ã„Åí„Åå„Ç®„Ç∞„ÅÑHealthcareÁâπ„Å´„ÉØ„ÇØ„ÉÅ„É≥Èñ¢ÈÄ£„ÅØÂõ∫„ÅÑ„ÄÇ„É°„Ç¨CapÈäòÊüÑ„ÅØËªí‰∏¶„ÅøÂÆâ„ÄÇETF„Åß„ÅØË≤¥ÈáëÂ±û„ÄÅ„Ç≥„É¢Á≥ª„ÅåÂõ∫„ÅÑ„ÄÇ„Å§„ÅÑ„Åß„Å´„Ç´„Éä„ÉÄÂ∏ÇÂ†¥„ÅØÂéªÂπ¥Âπ¥Êú´„É¨„Éô„É´„ÇíÂâ≤„Å£„Å¶„Åç„Å¶„ÄÅÂú∞Âêà„ÅÑÊÇ™„Åó„ÄÇ ,,,
gail_biggins, Fri Jan 29 19:45:02 +0000 2021,-119.782465,36.786042, @DeptofDefense Fake Jesus with a Denise Tattoo ... Sure Sure Sure Bishop over there Looking like Uncle Rico throwin‚Ä¶ https://t.co/GHmfqbMQvT ,,,
xolauriel, Fri Jan 29 19:45:02 +0000 2021,-72.757385,41.500753, Reminiscing on the stunning architecture I have looked at in Rome, Italy ,,
binku_lop, Fri Jan 29 19:45:02 +0000 2021,-104.922093,39.713563, okkkk...so in the bathroom at work the mirror/sink is a few feet in front of the toilet and...i must say,, i look s‚Ä¶ https://t.co/npGqpftEPn ,
D_PRADOS, Fri Jan 29 19:45:03 +0000 2021,-74.377998,40.538787, Looking at old snaps of me smacked after hours lol CRINGE WORTHY lmfao ,,,
ayyeedrii, Fri Jan 29 19:45:03 +0000 2021,-118.027895,33.936153, Here comes the thunda ‚õà ,,,
RichardAlanPal2, Fri Jan 29 19:45:03 +0000 2021,-87.747965,43.748559, @MillicentMarcy Much appreciated Ms Millie ,,,
markmonroe233, Fri Jan 29 19:45:03 +0000 2021,-79.861034,35.170499, @JaniceDean He's got tons of competition! ,,,
2022KCMOPlatte6, Fri Jan 29 19:45:03 +0000 2021,-94.559281,39.100048, How bout that! ,,,
blick_les, Fri Jan 29 19:45:03 +0000 2021,-81.461583,40.793994, @blueheartedly Banning future sales would be conceivable but any attempt at confiscating weapons of any kind from l‚Ä¶ https://t.co/7H9STI04cl ,,,
JrSoulPtrl, Fri Jan 29 19:45:03 +0000 2021,-73.915774,41.731825, The #WiLDWorkoutAtNoon w/ @djjosemelendez &amp; @dreenagonzalez is LIVE!! - @Wild949 (KYLD HD1) | @iHeartRadio:‚Ä¶ https://t.co/4uGokpNTLd ,,,
M_MeltInYoMouth, Fri Jan 29 19:45:03 +0000 2021,-87.967292,43.056722, an hour of mandatory over time everyday next week mad but also time and a half about to hit different ,,,
GerryDrobnicki, Fri Jan 29 19:45:03 +0000 2021,-73.639419,40.748492, @Kate_Cameron Wall Street ? ,,,
Weeklyvoice, Fri Jan 29 19:45:03 +0000 2021,-79.716401,43.774291, After Delhi blast, security tightened in Mumbai, Maharashtra: In a precautionary measure after the mystery blast in‚Ä¶ https://t.co/cryx3TxRQt ,
g5jefftv, Fri Jan 29 19:45:04 +0000 2021,-75.117998,40.004866, @weaksauceradio He in from what I was told bro ,,,
RyanNewYork, Fri Jan 29 19:45:04 +0000 2021,-73.948775,40.655138, Saw a new example of NYC dystopia - Homeless folks living in abandoned outdoor dining structures. ,,,
crispyfritos, Fri Jan 29 19:45:04 +0000 2021,-86.791549,36.200008, Since the start of the pandemic, I've been wanting electrolysis done on my face. I haven't been able to get ot, and‚Ä¶ https://t.co/QAS1f3Y7Bc ,
Mr_Nonchalantt, Fri Jan 29 19:45:04 +0000 2021,-75.73899,39.602092, I see Forex ppl using Robinhood as another opportunity to try to shit on ppl smh ,,,
BroadwaySings, Fri Jan 29 19:45:04 +0000 2021,-73.968542,40.780709, @perry_is_agentp @jonmchu @hbomax let us throw you a huge virtual ‚ÄúIn the Heights‚Äù Birthday party with games, trivi‚Ä¶ https://t.co/j9NJZhDAIz ,,
samymtzl, Fri Jan 29 19:45:04 +0000 2021,-116.929102,32.332876, @Soy_SoloJorge https://t.co/E4bxIGt6iG ,,,
dmatevia, Fri Jan 29 19:45:04 +0000 2021,-84.153529,39.695477, @FetchRewards so where are those 500 points? ,,,
labluekombi, Fri Jan 29 19:45:04 +0000 2021,-80.132962,25.816966, Donde est√°n Los Avengers cuando se les necesita üòÇ @ExploraLasvegas @YouTubeEspanol #LasVegas https://t.co/yHH7VDrULO ,,,
LisaBursac, Fri Jan 29 19:45:04 +0000 2021,-90.329325,38.799436, @mmpadellan Please ,,,
foto_gonia, Fri Jan 29 19:45:04 +0000 2021,-73.949821,41.025406, I bought ,,,
Tiajo6, Fri Jan 29 19:45:05 +0000 2021,-122.641388,45.369307, @Chrisley_USA @USA_Network Love this familyü•∞ ,,,
LeslieJo43, Fri Jan 29 19:45:05 +0000 2021,-73.741192,42.857934, Where are these crazy people coming from?? ,,,
craigger71, Fri Jan 29 19:45:04 +0000 2021,-92.840769,48.575249, Great day for a hike with @RumourMiller ! https://t.co/Ow54uKa9pv ,,,
rtaxxiv, Fri Jan 29 19:45:05 +0000 2021,-88.142512,41.519556, @lifeofsartori Joc isn‚Äôt even a good fielder and he‚Äôs 20x better than schwarber in the outfield lol don‚Äôt be naive ryan ,,,
MikeWhi38941086, Fri Jan 29 19:45:05 +0000 2021,-75.630628,40.030157, @deford_david @justin_klugh Oh, I'm watching CSPAN.... ,,
NIRVANA0911, Fri Jan 29 19:45:05 +0000 2021,-118.411907,34.020789, @waraujo64 @soyjoseyoutuber VALLA VALLA SACO JOSECITA SUS U√ëAS #JOSETOXICO HACEN PAREJAS CON #BERTOXICA  Y‚Ä¶ https://t.co/OzwpnE84RA ,,,
KatrinaForehand, Fri Jan 29 19:45:05 +0000 2021,-85.7554,38.2525, Just because he loves me! He said," ""you smell like roses!"" My favorite!THIS FALL WE WILL BE ENJOYING 21 YEARS OF‚Ä¶ https://t.co/M17LBaLg7Q ",,
MarianneDHobbit, Fri Jan 29 19:45:05 +0000 2021,-100.076888,31.168893, Oop! I almost forgot, I'm also this female infernal at the beginning of the ep!She looks just like me! üòÇ https://t.co/5sGWUwPGDA ,,
mattsmith_news, Fri Jan 29 19:45:05 +0000 2021,-89.569491,44.900818, ‚ÄúThe massive increase in by-mail absentee voting this year revealed public confusion about the process and differin‚Ä¶ https://t.co/jOw83pymic ,,,
DancinOn_Daisys, Fri Jan 29 19:45:05 +0000 2021,-97.135638,32.70185, Hate when men wear that obnoxiously sweet cologne that smells like nasty air freshener. Y‚Äôall know what I‚Äôm talm‚Äôbout? ,,,
Miss_Angel_Baby, Fri Jan 29 19:45:05 +0000 2021,-79.27257,43.629311, Who Does This Yute Think She Is?! üòÇüòÇü§¶üèª‚Äç‚ôÄÔ∏è ,,,
holdenlawphoto, Fri Jan 29 19:45:05 +0000 2021,-92.067847,46.700355, It‚Äôs been 343 days since I‚Äôve captured competitive @UWSMensHockey action.. tonight that changes. #WeAreSuperior https://t.co/bROFrTA5FC ,,,
Helen_Highly, Fri Jan 29 19:45:05 +0000 2021,-73.968542,40.780709, Sic ‚Äòem, Katie! ,,
NikoDaPortagee, Fri Jan 29 19:45:06 +0000 2021,-121.87373,37.331159, @goodriddancce LOVED that movie. And great analogy üëèüèº ,,,
_DM_Jones, Fri Jan 29 19:45:06 +0000 2021,-89.922029,35.133521, @_justinBREber Say less ,,,
AndrasZold, Fri Jan 29 19:45:06 +0000 2021,-81.705467,41.49594," @geostylegeo I know many an ""adult"" child.  And that is excluding the mentally disabled. ",,,
everylotsf, Fri Jan 29 19:45:06 +0000 2021,-122.42698,37.76664, 180 Dolores Street https://t.co/zv81uht1Pr ,,,
EARTHWITCH8, Fri Jan 29 19:45:06 +0000 2021,-93.105649,44.941516, If I was a Dem Senator or Representative at this time, I would hired a very strong MAN with a nice smile and his ge‚Ä¶ https://t.co/Ofnz4GZbEQ ,,
haysgonza, Fri Jan 29 19:45:06 +0000 2021,-117.998733,33.692542, Rainy days, coffee, and the Bible. Nothing beats it ,
Future_Boone, Fri Jan 29 19:45:06 +0000 2021,-76.295896,36.763216, When I get off work I‚Äôm going straight to sleep ,,,
hollyheaton15, Fri Jan 29 19:45:06 +0000 2021,-82.961163,34.694002, I just don‚Äôt even at this point... ,,,
BenjaminAubert, Fri Jan 29 19:45:06 +0000 2021,-71.341059,46.855857, @KDubeJDQ J‚Äôpense que le 5$/chronique a mis de l‚Äôhuile sur le feu. Et le fait de le justifier par ‚Äúc‚Äôest simple, on‚Ä¶ https://t.co/S3PoRZbzKb ,,
waldoaldo97, Fri Jan 29 19:45:06 +0000 2021,-112.124676,33.552863, Cinematic GOLD! xP ,,,
MarkOwenby19, Fri Jan 29 19:45:06 +0000 2021,-83.545219,35.879209, @kirstiealley  I have a Challenge, still at Zero Followers , which is ok.  The Challenge is this. Since you are a C‚Ä¶ https://t.co/ulZztxIpRP ,
B_forbrat, Fri Jan 29 19:45:06 +0000 2021,-84.433106,33.767195, I haven‚Äôt ate no wing in a whole week I‚Äôm getting done today though fasho ,,,
Lorisorenson4, Fri Jan 29 19:45:06 +0000 2021,-119.742563,39.150823, @SteveHofstetter @chipfranklin Monster ,,,
jpep20, Fri Jan 29 19:45:06 +0000 2021,-75.117998,40.004866, @hothead_italian @FantasyDataNFL @MyFantasyLeague Very true üòÇ ,,,
PaulDaytona22, Fri Jan 29 19:45:07 +0000 2021,-81.068556,29.190223, Jesus said," ""I open the door to My rest."" ",,
Deeds46820608, Fri Jan 29 19:45:07 +0000 2021,-75.770041,42.746617, @CNBC Maybe CNBC should really take a good hard look at the toxic politics.  This could really ruin your day. How i‚Ä¶ https://t.co/JBuu98BmVB ,,,
ScensibleSolut1, Fri Jan 29 19:45:07 +0000 2021,-98.319925,38.498196, What happens when a box-maker and an accountant obsess about protecting our employees from COVID-19...........? ‚ú¥Ô∏è‚Ä¶ https://t.co/bKjeDeGDPq ,,,
hbucarolina, Fri Jan 29 19:45:07 +0000 2021,-73.639419,40.748492, N√£o est√° escrito o quanto eu quero fazer minha pr√≥xima tatuagem ,,,
ktjazz14, Fri Jan 29 19:45:07 +0000 2021,-81.705467,41.49594, @8Fourteen @DavidZavac He was dressed to impress. LOL! ,,,
_JustTasia, Fri Jan 29 19:45:07 +0000 2021,-80.926628,33.63114, @_ambitiousredd &amp; nauseous ,,,
carlos8808, Fri Jan 29 19:45:07 +0000 2021,-120.882482,47.273022, @Burriel17 Swear lol ,,,
alexlips21, Fri Jan 29 19:45:07 +0000 2021,-96.696562,40.803235, Me: promises 2-3 we will do something fun with the snow for scholar dollar day, buys materials to make volcanosAl‚Ä¶ https://t.co/GGQPCOPDvG ,,
MikeLMower, Fri Jan 29 19:45:07 +0000 2021,-111.917026,40.765805, Thanks to all who spent quality time with me this week on Zoom Calls.  Can‚Äôt wait to see you again virtually soon!‚Ä¶ https://t.co/GdvAfJfVuA ,,,
Hot_Ass_Fries, Fri Jan 29 19:45:07 +0000 2021,-79.780308,34.182661, It‚Äôs giving miss fletcher üò≠ ,,,
adamtommerPE, Fri Jan 29 19:45:07 +0000 2021,-75.600576,38.360422, Can‚Äôt hate on hustle!! @ronaldacunajr24 https://t.co/iEjH3W0G00 ,,,
LowellFinson1, Fri Jan 29 19:45:07 +0000 2021,-118.411907,34.020789, Sometimes hard work is very helpful ,,,
dronatic209, Fri Jan 29 19:45:07 +0000 2021,-119.228992,34.289689, @FaZeRug You should but don‚Äôt sell right away. You need to wait until the price is right to sell. We are hoping it‚Ä¶ https://t.co/1fNFRcnwZT ,,,
onlybeme, Fri Jan 29 19:45:08 +0000 2021,-75.117998,40.004866, I can‚Äôt wait to snatch my sanity back... ,,,
GrommMomm, Fri Jan 29 19:45:07 +0000 2021,-95.74585,29.822421, I loved watching my students collaborate to come up with character traits for emojis üò≥üòçü§îü§•üò¢üòñü§™üôÇ#ThrivinginThird‚Ä¶ https://t.co/td0cKfaSks ,,,
Caromel1989, Fri Jan 29 19:45:08 +0000 2021,-89.069133,30.426027, https://t.co/JX3avltRsm ,,,
AndrewOneill25, Fri Jan 29 19:45:08 +0000 2021,-75.072719,39.751655, Give it a listen.. you won‚Äôt be disappointed  @kevin1barry ,,,
ddajulie, Fri Jan 29 19:45:08 +0000 2021,-91.682855,41.976528, @MaryAnn68077524 @SBAList @LindseyGrahamSC I would not have had an abortion because of my religious views. I, even‚Ä¶ https://t.co/ucRO2LRQZf ,,
26jerome, Fri Jan 29 19:45:08 +0000 2021,-74.262775,39.754697, Accuse her of having a different opinion, OK. Having a different opinion on our countries future and calling her a‚Ä¶ https://t.co/UdaXSCbRUR ,,
BobbyRotondo, Fri Jan 29 19:45:08 +0000 2021,-70.973641,42.532576, @ezlazar But the narrative looks bad. We hear that other coaches are not there but a lot of coaches are not GMs also. ,,,
Westsidestory14, Fri Jan 29 19:45:08 +0000 2021,-83.299654,36.210552, https://t.co/Ds1BQjr8cb ,,,
JuniorLamps, Fri Jan 29 19:45:08 +0000 2021,-84.28442,30.41141, Just posted a photo @ Omega Lamplighters https://t.co/Xjn6U9ceQM ,,,
heeeysade, Fri Jan 29 19:45:08 +0000 2021,-95.446486,29.838495, I be at home like ‚Äú ima just clean up something bc I‚Äôm bored ‚Äú üòÇüòÇüòÇüòÇüòÇüòÇ ,,,
SarahYanezR, Fri Jan 29 19:45:08 +0000 2021,-73.968542,40.780709, @lorenacantoEFE A mis padres les pas√≥ igual conmigo de beb√©, pero en un pueblo de Suiza despu√©s de una nevada... a√∫‚Ä¶ https://t.co/rFafUHFkJC ,,
pm2lopez, Fri Jan 29 19:45:08 +0000 2021,-117.999409,34.139172, @tinabonita90 https://t.co/fBLimCmVZM ,,,
AnEmptyPinata, Fri Jan 29 19:45:08 +0000 2021,-78.646929,33.865023, https://t.co/mWUSntkNCc ,,,
Ofc_dave, Fri Jan 29 19:45:09 +0000 2021,-74.240032,40.417493, 6 1‚Äô5 ,,,
grack2bxact, Fri Jan 29 19:45:09 +0000 2021,-80.039262,26.682504, There is no reason to send a tweet like this other than to broadcast what a ghoulish piece of shit you are. ,,,
MaOnTheAir, Fri Jan 29 19:45:09 +0000 2021,-75.800141,45.248791, @GabsMusings They‚Äôre investigating. A fan issue possibly. ü§¶üèª‚Äç‚ôÄÔ∏è ,,,
nightcareoption, Fri Jan 29 19:45:09 +0000 2021,-93.464883,45.108532, @MysterySolvent he's probably encouraging it ,,,
RealAntMusic, Fri Jan 29 19:45:09 +0000 2021,-119.149843,36.299065, When I start dropping music again it‚Äôs over....got something coming real soon for y‚Äôall üåüüåüüí∞ ,,,
KaiMoran, Fri Jan 29 19:45:09 +0000 2021,-118.411907,34.020789, @BUncommitted https://t.co/vNcns92QZU ,,,
murderwizard, Fri Jan 29 19:45:09 +0000 2021,-84.433106,33.767195, @hbilheimer that scene just murdered me too ,,,
BrookeLauren, Fri Jan 29 19:45:09 +0000 2021,-104.922093,39.713563, Damn - you can‚Äôt look at Dave‚Äôs face and it not immediately put a smile on your face ,,,
denkokoro, Fri Jan 29 19:45:09 +0000 2021,-90.301092,38.708389, @DistroKid Stones Throw Records ,,,
john_w_kennedy, Fri Jan 29 19:45:09 +0000 2021,-74.392018,40.731458, @NinjaNezumi @straczynski And the fill-the-vacancy man who replaced lost consuls until an election could be held, was known as the Interrex. ,,
BengieMolina1, Fri Jan 29 19:45:09 +0000 2021,-111.738566,33.295215, ‚ÄúThe GREATEST advantage of speaking and living in TRUTH is,,,that you DONT have to remember or write down what you‚Ä¶ https://t.co/mmpvqpx3C0 
brentonontour, Fri Jan 29 19:45:09 +0000 2021,-122.818486,49.111519, @ReneePaquette @WWEBigE Great stuff ,,,
KassiMarie11, Fri Jan 29 19:45:09 +0000 2021,-85.500712,42.913149, @crytheyby https://t.co/68BHvAsC3m ,,,
the_amt, Fri Jan 29 19:45:10 +0000 2021,-77.014398,38.898603, @NSementelli @alopez_pdx @dcpl @ggwash @hanoverDC There‚Äôs some space behind (south of) the fieldhouse where it‚Äôs fo‚Ä¶ https://t.co/0tbjW2SNHD ,,,
OSUEvan, Fri Jan 29 19:45:10 +0000 2021,-83.139281,40.125273, @DLeeMG8 Right?  BTW, you on your way to Jacksonville yet?  Maybe just show up to OTA‚Äôs and offer to pay $150 for‚Ä¶ https://t.co/EynyfwpeWO ,,
BrianKrecik, Fri Jan 29 19:45:10 +0000 2021,-86.607321,39.217235, @tedcruz Resign traitor. ,,,
SampsinGrey, Fri Jan 29 19:45:10 +0000 2021,-81.940298,34.949965, https://t.co/PPnOFI5YGL ,,,
molleylj, Fri Jan 29 19:45:10 +0000 2021,-80.926628,33.63114, @theestallion please i love u ,,,
_clarissaram, Fri Jan 29 19:45:10 +0000 2021,-118.132071,34.049352, People would ask me to fake their parents signature üíÄ ,,,
nw3, Fri Jan 29 19:45:10 +0000 2021,-82.936399,39.964856, Not the best intro ,,,
delusionalant, Fri Jan 29 19:45:11 +0000 2021,-73.956647,40.625774, üêê I ain‚Äôt even know either ,,,
Sophcera, Fri Jan 29 19:45:11 +0000 2021,-86.441236,39.766555, Am I the only person who has waved to a T.A on Zoom thinking they were waving to everyone, but they were actually s‚Ä¶ https://t.co/fX7wlTu6SR ,,
providencecity_, Fri Jan 29 19:45:11 +0000 2021,-71.683502,42.036939, @ElartedeNag @inariasoccer @HOTCLUBPROVRI @marito_plottier @TimatSport https://t.co/56CLBrl9CU ,,,
MamaSnrMwaluma, Fri Jan 29 19:45:11 +0000 2021,-122.668747,47.553328, @HarrietKavere @REPENTVENEZUEL2 @bishop_mutuku @RepentNorway @BevAkitelek @Eliasandrade195 @ammishadu‚Ä¶ https://t.co/z50QT6LVYL ,,,
bunkonana, Fri Jan 29 19:45:11 +0000 2021,-118.913657,34.402938, @HiddenCash Ball juice ,,,
derickijohnson, Fri Jan 29 19:45:11 +0000 2021,-97.285913,32.779967, @Fizzytwizler Love at first trip...üòâüòÇ ,,,
t4pwater, Fri Jan 29 19:45:11 +0000 2021,-81.803052,41.480418, @tofutisourcream she just built different üò§ ,,,
MarkPearsonTV, Fri Jan 29 19:45:11 +0000 2021,-88.936684,39.854585, Decatur Public Schools will be resuming sports and extracurricular activities starting on February 1.Here‚Äôs the o‚Ä¶ https://t.co/bCyuMpr3ww ,,,
smlewis_, Fri Jan 29 19:45:11 +0000 2021,-86.974111,33.497716, Both of you are great leaders!! üëèüèøüëèüèø ,,,
jmavelasquez, Fri Jan 29 19:45:11 +0000 2021,-97.754724,30.323346, ‚ÄºÔ∏èFamiliaaaaaa‚ÄºÔ∏èHow are we sharing our good energy today? Sending good vibes &amp; prayers to all those going through‚Ä¶ https://t.co/TCrGpzJSrV ,,,
ckg_7, Fri Jan 29 19:45:11 +0000 2021,-73.948775,40.655138, @byjoshlee yea it‚Äôs going to get so much worse :/ ,,,
DAVIDZH24158001, Fri Jan 29 19:45:11 +0000 2021,-73.948775,40.655138, Âú®Èõ™‰∏≠ ‚ãØhttps://t.co/5mKTKyWymY ,,,
Okanlami, Fri Jan 29 19:45:11 +0000 2021,-83.713277,42.200913, Last call! Applications due today! ,,,
_skeletorx, Fri Jan 29 19:45:12 +0000 2021,-122.767641,45.497071, So stressed out that I can‚Äôt even move...love that for me ,,,
Edv2016, Fri Jan 29 19:45:12 +0000 2021,-80.233328,25.782353, Congratulations,  best wishes and continued success! ,,
massumeh18, Fri Jan 29 19:45:12 +0000 2021,-79.420865,38.003376, @memetisement @x0r22 Tempted to add even a little more now but will likely wait a bit. ,,,
Butter72035882, Fri Jan 29 19:45:12 +0000 2021,-87.732013,41.833585, @thatboydave2015 Happy Friday ,,,
southboundduke, Fri Jan 29 19:45:12 +0000 2021,-93.809434,32.461107, @chattinmanmark Double awww! ,,,
GSDOUBLEU, Fri Jan 29 19:45:12 +0000 2021,-122.435979,37.770657, Holy shit ,,,
TheBearClark, Fri Jan 29 19:45:12 +0000 2021,-83.804475,27.698682, If Florida had mountains and the swamps this state would have to be its own country ,,,
lifesAlyric, Fri Jan 29 19:45:12 +0000 2021,-84.475291,33.657586, I can‚Äôt find the plug-in thing for my cordless mouse üò° ,,,
knerzy02, Fri Jan 29 19:45:12 +0000 2021,-78.657837,35.843981, Fire Nancy Pelosi! ,,,
DJEST3, Fri Jan 29 19:45:12 +0000 2021,-117.104989,32.810012, @MLBTheShow you guys would be dumb to NOT put Tatis Jr on the '21 cover üòÅ #SD #Padres ,,,
ChiromanGlass, Fri Jan 29 19:45:12 +0000 2021,-84.433106,33.767195, I‚Äôm being read for filth in this attachment part. Apparently I‚Äôm a dismissive type. Or rather, that type resonates‚Ä¶ https://t.co/rQJVu9iR1h ,,
ProneDisimo, Fri Jan 29 19:45:12 +0000 2021,-74.162658,40.792103, Women really make excuses for anything lol ‚ÄúI‚Äôm not buying you that bc the next bitch might benefit from it‚Äù huh???‚Ä¶ https://t.co/hpYrHW5v7B ,,,
hannahglenn__, Fri Jan 29 19:45:12 +0000 2021,-77.49317,37.529883, @Jizzz_Khalifa i can see it ,,,
Insert_Metaphor, Fri Jan 29 19:45:12 +0000 2021,-97.60702,30.460444, Why the fuck hasn't @RepMTG been arrested?!  This lunatic is going out of her way, to incite violence.  Are you p‚Ä¶ https://t.co/R9dEWRLWdP ,,
macshotvisuals, Fri Jan 29 19:45:12 +0000 2021,-118.411907,34.020789, I‚Äôm so sleepy üò¥üò¥ ,,,
larrybu46710420, Fri Jan 29 19:45:13 +0000 2021,-100.010436,32.467788, @ashishkjha Produce the digestive enzymes to break down the food element of cellulose and protein the nutrients pla‚Ä¶ https://t.co/vG4Lbpx4Oe ,,,
tmj_kan_finance, Fri Jan 29 19:45:13 +0000 2021,-94.616901,38.966673," Stop staring at the clock every day. It's time for a new career. Follow us to view jobs with titles like ""FINANCIAL‚Ä¶ https://t.co/4RoLKxqoFv ",,,
shemarfrederick, Fri Jan 29 19:45:13 +0000 2021,-83.173867,32.678207, @JenSainty thank you üò≠‚ù§Ô∏è ,,,
RealDukeMadison, Fri Jan 29 19:45:13 +0000 2021,-76.620482,39.284713, https://t.co/Fpscv2IfYt ,,,
stringuib, Fri Jan 29 19:45:13 +0000 2021,-73.599509,45.484829, @juannuux Pq tu suces alors mdr ,,,
RationalAdult, Fri Jan 29 19:45:13 +0000 2021,-95.326899,29.547885, @davidsirota Yes. ,,,
kviami1, Fri Jan 29 19:45:13 +0000 2021,-80.271087,25.699448, 30 years. And we are still at war in the Middle East. ,,,
Drtom11Richards, Fri Jan 29 19:45:14 +0000 2021,-81.05632,31.929099, @michael_olmsted Because it‚Äôs so easy perhaps? ,,,
KristenBWest, Fri Jan 29 19:45:14 +0000 2021,-77.157689,38.854202, @TheRealBookSpy @BradThor https://t.co/cJpV9ByVoz ,,,
tmj_OK_pharm, Fri Jan 29 19:45:14 +0000 2021,-97.889658,36.391424, We're hiring! Read about our latest job opening here: Pharmacy Technician - COVID 19 Vaccine Support -‚Ä¶ https://t.co/fed85MKtR7 ,,,
RMerriametc, Fri Jan 29 19:45:14 +0000 2021,-85.722346,38.195555, One more I for the Republicans: irredeemable. ,,,
OhThatsAT, Fri Jan 29 19:45:14 +0000 2021,-96.863795,32.604153, @darielleWTH @Stemandthorn Gentrifying Little Elm? That sounds redundant lolol ,,,
livkrenz, Fri Jan 29 19:45:14 +0000 2021,-92.12284,46.758335, Oh god, Alma just saw.... plz be cool plz be cool ,,
cale_berger, Fri Jan 29 19:45:14 +0000 2021,-80.028042,40.583877, @SteveBenko https://t.co/jdu5iMkfrD ,,,
unfadeable_one, Fri Jan 29 19:45:14 +0000 2021,-119.025163,35.346902, Homie said..... https://t.co/6mF2GnhPzs ,,,
YFN_Dee04, Fri Jan 29 19:45:14 +0000 2021,-96.621634,32.907642, Subscribe to my Onlyfans FREE!üòãüí¶ #onlyfansbbc https://t.co/VVcC4MnEOt https://t.co/EMrJdXgmYS ,,,
Anyiasimone1, Fri Jan 29 19:45:15 +0000 2021,-75.117998,40.004866, I‚Äôm so fucking heateddddd yo ,,,
RadioBigCat, Fri Jan 29 19:45:15 +0000 2021,-97.343915,37.683897, @nats_sportschat üíØ correct ... ,,,
LIZBAZURTOG, Fri Jan 29 19:45:15 +0000 2021,-118.411907,34.020789, @MPumpandump Deal. Now, my bf wants a Lambo. ,,
im1of1_, Fri Jan 29 19:45:15 +0000 2021,-95.446486,29.838495, üòè just keep it playa ,,,
JuVeJu803, Fri Jan 29 19:45:15 +0000 2021,-79.780308,34.182661, https://t.co/oWP2TUoXSG ,,,
gregmroscoe, Fri Jan 29 19:45:15 +0000 2021,-119.306608,37.269176, CNN: 'People are angry': House Republicans who voted to impeach Trump face backlash at home.https://t.co/J0jzZCq8BYvia @GoogleNews ,,,
RobSandersonPxP, Fri Jan 29 19:45:15 +0000 2021,-75.770041,42.746617, The legendary John Chaney will forever be one of my favorite people. Passionate, hilarious, friendly, caring. Truly‚Ä¶ https://t.co/5NgYtQjWpO 
AB_Lewis0, Fri Jan 29 19:45:15 +0000 2021,-74.232784,40.725694, It been time for me to get outta here but now it‚Äôs crazy ,,,
neva_enuff9, Fri Jan 29 19:45:15 +0000 2021,-106.632718,35.117002, @Treyarch Did y'all fix the split screen mode first before adding all this new content, or that doesn't really matt‚Ä¶ https://t.co/TSw5IIcOPZ ,,
ry_chance, Fri Jan 29 19:45:15 +0000 2021,-74.210025,39.603297, Mr @TronCarterNLU is it too much to ask for @PGATOURLIVE to show more than one screen of the leaderboard during cov‚Ä¶ https://t.co/BkRNvRMRlx ,,,
CjWilson850, Fri Jan 29 19:45:15 +0000 2021,-83.804475,27.698682, Like the Ravens extending Boyle.. Missing him and Stanley was huge for us this yr ,,,
1lordlipford, Fri Jan 29 19:45:15 +0000 2021,-96.761753,32.819858, @lextakesthecity Glad you rock with it üôèüèæ Definitely gotta get one out there to you ,,,
KimCole29862527, Fri Jan 29 19:45:16 +0000 2021,-89.765519,30.297863, @newsmax Oh, but it's OK for you to want to take our 2nd. amendment right away.....but you want more security funds‚Ä¶ https://t.co/z1PCeg5RFF ,,
wyattt03, Fri Jan 29 19:45:16 +0000 2021,-119.306608,37.269176, I just wanna buy my truck already https://t.co/GPyNJFs099 ,,,
BurnsKamryn, Fri Jan 29 19:45:16 +0000 2021,-97.067758,36.718014, Oh he down bad üò¨ ,,,
PaulDaytona22, Fri Jan 29 19:45:16 +0000 2021,-81.068556,29.190223, Jesus said," ""I open the door to My house."" ",,
BkSherm1, Fri Jan 29 19:45:16 +0000 2021,-78.613697,35.690305, Wow... 60 Reasons why America is O Daughter of Babylon in the Bible... https://t.co/JGHXa4ihxW ,,,
erinwilde, Fri Jan 29 19:45:16 +0000 2021,-97.33178,32.75464, Thanks for the goodies @jameslannmusic check out his üé∂ song ‚ÄúEverydayers‚Äù on @1069theranch  #texasmusicscene‚Ä¶ https://t.co/DkbqS2ZCts ,,,
Ledford_SMR7, Fri Jan 29 19:45:17 +0000 2021,-86.142922,39.779562, Best feeling in the world other than a minuscule of other great things is being tipsy and your song comes on. You b‚Ä¶ https://t.co/KnfKM6CREj ,,,
hairhofla, Fri Jan 29 19:45:17 +0000 2021,-80.149173,26.150368, @jbouie @maxasteele https://t.co/xkV9KutPTD ,,,
BriantheMost23, Fri Jan 29 19:45:17 +0000 2021,-85.9786,35.830522, @jackson_vol You ain‚Äôt leaving too are you Nelson? ,,,
Rohannn94, Fri Jan 29 19:45:17 +0000 2021,-122.044814,37.592159, @BontaHill @MattBarr_ is as bad as @grantcohn ,,,
13Anseume, Fri Jan 29 19:45:17 +0000 2021,-78.657837,35.843981, @avreena1 @dimash_official @MTV ‚ù§‚≠êMe encanta verlo bailando felizzzz ‚ù§REQUEST @dimash_official @MTV #FridayLivestream ,,,
HERESAPROTIP, Fri Jan 29 19:45:17 +0000 2021,-84.433106,33.767195, Get it in https://t.co/8cL0FpAK8V ,,,
SteelersDigital, Fri Jan 29 19:45:17 +0000 2021,-79.945445,40.521062, FOLLOW MY TIKTOK @steelers_digital https://t.co/DfkJf0oU2N ,,,
qxeenk4l, Fri Jan 29 19:45:18 +0000 2021,-91.0908,30.4591, I need a workout partner ,,,
philliphil69, Fri Jan 29 19:45:18 +0000 2021,-121.300425,37.980826, @_bonitamica abra https://t.co/bHBydD6lQ1 ,,,
denisselujan53, Fri Jan 29 19:45:18 +0000 2021,-106.162898,28.941866, @ocooltas @forpodcasters Recomendad√≠simo https://t.co/gDMiBKY7Zt ,,,
MalikApplewhite, Fri Jan 29 19:45:18 +0000 2021,-75.117998,40.004866, He was nervous. So what lol ,,,
mikelaxne, Fri Jan 29 19:45:18 +0000 2021,-95.446486,29.838495, ‚ÄúIm a shybeborg‚Äù https://t.co/Xv3pZA4xjy ,,,
nlorensensports, Fri Jan 29 19:45:19 +0000 2021,-80.926628,33.63114, SET 4 l South Carolina 7, Alabama 6We‚Äôve had a back-and-forth start to the set. Each team with runs.Mallory Dix‚Ä¶ https://t.co/QbCwYmDqLP ,,
JustMariel_, Fri Jan 29 19:45:19 +0000 2021,-81.476676,28.140217, @Paulcito_ üíÄüíÄ ,,,
djbarro, Fri Jan 29 19:45:19 +0000 2021,-105.029746,39.807552, @sharkiegirloldl @YoniMichanie Proof? ,,,
MailmanJack65, Fri Jan 29 19:45:19 +0000 2021,-87.732013,41.833585, @LinBrehmer @MitchRosen670 @DannyParkins @ChrisTannehill @shane_riordan https://t.co/ErDrQ7ppiX ,,,
byAmandaOcasio, Fri Jan 29 19:45:19 +0000 2021,-78.764632,43.009117, @MelanieMoore We thank you guys for sharing! ,,,
erosangel_fd, Fri Jan 29 19:45:19 +0000 2021,-118.411907,34.020789, Spending money makes my sadness temporarily leave lol ,,,
BenChiTownKid98, Fri Jan 29 19:45:19 +0000 2021,-87.732013,41.833585, @Leonard42 Tonguetwister! ,,,
Christi28040764, Fri Jan 29 19:45:19 +0000 2021,-90.247824,38.653771, @Julius_Kim üëåüèæü•Ç ,,,
SoberTuesday, Fri Jan 29 19:45:19 +0000 2021,-73.1278,40.807467, @MotoSprayz @emaido @EddyTheEngineer I am thinking of the Integral symbol but thank you so much for looking that up that‚Äôs so sweet ,,,
jmbracamontes, Fri Jan 29 19:45:20 +0000 2021,-111.498181,28.969863, @RubenBeltranG A sus meras √≥rdenes.  Abrazo embajador. ,,,
Daugherty07, Fri Jan 29 19:45:20 +0000 2021,-85.768241,37.822244, Tune in right now!  Let‚Äôs gooo @RyanEversley @ATLspeedwerks ,,,
localcrafts101, Fri Jan 29 19:45:19 +0000 2021,-88.42841,41.379439, Stress disorder on https://t.co/S8OThdriHS ,,,
micheledavis315, Fri Jan 29 19:45:20 +0000 2021,-116.420847,33.779235, @KrysOse Cult ,,,
TrixieNumbaNine, Fri Jan 29 19:45:20 +0000 2021,-87.732013,41.833585, T. I. P. toe... https://t.co/wQyA6bct6L ,,,
russell31xx, Fri Jan 29 19:45:20 +0000 2021,-83.173867,32.678207, Three good reasons to be at Screven Motorsports Complex. Winter Freeze ü•∂ü•∂ and Tony Stewart back behind the wheel ra‚Ä¶ https://t.co/lVXMp5Pn1U ,,,
dopeout_somdah, Fri Jan 29 19:45:20 +0000 2021,-95.446486,29.838495, Today I purchased from two blacc businesses üñ§ ,,,
Tre4HairStylist, Fri Jan 29 19:45:20 +0000 2021,-80.275076,36.171716, Just posted a photo @ Flawless Hair And Beauty Bar by Tre4Hairstylist https://t.co/mbO4XnhZJg ,,,
calxwinters, Fri Jan 29 19:45:20 +0000 2021,-119.306608,37.269176, Cleaning my glasses easily eats up about 15 minutes of my morning routine. ,,,
DrWrong68, Fri Jan 29 19:45:20 +0000 2021,-75.770041,42.746617, Watching a Law &amp; Order episode and their heading to Rochester ny Lol we made it ROC ,,,
